CustomerID,Gender,Age,ServiceLength (months),ContractType,MonthlyCharges (USD),TotalCharges (USD),Churn
1000,Female,35,28,One-Year,80.0,2240.0,No
1001,Male,53,43,One-Year,148.49,6385.07,Yes
1002,Male,60,28,Two-Year,81.75,2289.0,Yes
1003,Male,44,59,One-Year,26.87,1585.33,Yes
1004,Male,37,54,Month-to-Month,90.48,4885.92,No
1005,Male,21,47,Month-to-Month,100.57,4726.79,Yes
1006,Male,39,37,Month-to-Month,126.05,4663.85,Yes
1007,Male,38,24,Two-Year,83.01,1992.24,No
1008,Male,61,60,One-Year,84.96,5097.6,Yes
1009,Male,67,16,Month-to-Month,38.26,612.16,No
1010,Female,64,27,Month-to-Month,84.73,2287.71,No
1011,Male,43,31,Month-to-Month,85.77,2658.87,Yes
1012,Female,50,53,One-Year,58.85,3119.05,No
1013,Male,75,59,Two-Year,20.53,1211.27,No
1014,Female,62,52,One-Year,190.27,9894.04,Yes
1015,Male,58,18,One-Year,135.13,2432.34,Yes
1016,Female,32,53,One-Year,75.98,4026.94,No
1017,Male,26,4,Month-to-Month,61.88,247.52,No
1018,Male,18,21,One-Year,193.33,4059.93,Yes
1019,Female,52,54,Month-to-Month,157.29,8493.66,No
1020,Male,77,54,Two-Year,173.11,9347.94,No
1021,Male,40,45,Month-to-Month,120.87,5439.15,No
1022,Male,28,45,Month-to-Month,182.67,8220.15,No
1023,Male,41,3,Two-Year,173.72,521.16,Yes
1024,Male,69,13,One-Year,166.99,2170.87,Yes
1025,Female,42,14,Two-Year,104.21,1458.94,No
1026,Female,35,39,Two-Year,34.18,1333.02,Yes
1027,Female,29,56,Month-to-Month,140.49,7867.44,No
1028,Female,80,53,One-Year,180.42,9562.26,No
1029,Female,18,21,Two-Year,80.29,1686.09,No
1030,Female,52,23,Two-Year,37.09,853.07,Yes
1031,Male,43,56,Two-Year,64.78,3627.68,No
1032,Male,28,48,One-Year,49.1,2356.8,No
1033,Male,51,28,One-Year,86.14,2411.92,No
1034,Female,53,18,Month-to-Month,40.63,731.34,Yes
1035,Male,33,49,Month-to-Month,55.38,2713.62,No
1036,Male,70,10,One-Year,170.72,1707.2,No
1037,Female,54,37,One-Year,59.38,2197.06,No
1038,Female,27,24,One-Year,22.99,551.76,No
1039,Female,73,4,Two-Year,165.99,663.96,No
1040,Female,39,23,Two-Year,54.2,1246.6,Yes
1041,Female,28,41,One-Year,26.7,1094.7,No
1042,Female,26,10,Month-to-Month,134.79,1347.9,Yes
1043,Female,30,9,Month-to-Month,60.02,540.18,Yes
1044,Male,63,10,One-Year,67.21,672.1,No
1045,Male,45,37,Two-Year,187.05,6920.85,Yes
1046,Male,76,34,Month-to-Month,185.86,6319.24,No
1047,Male,42,28,Two-Year,57.91,1621.48,Yes
1048,Male,33,17,Two-Year,132.45,2251.65,Yes
1049,Male,70,8,Month-to-Month,34.67,277.36,No
1050,Male,20,49,Two-Year,198.26,9714.74,Yes
1051,Male,55,8,Two-Year,143.54,1148.32,Yes
1052,Female,77,1,One-Year,23.63,23.63,Yes
1053,Male,64,59,Month-to-Month,186.46,11001.14,No
1054,Female,26,22,One-Year,186.62,4105.64,No
1055,Female,23,33,Two-Year,26.61,878.13,No
1056,Female,78,24,Two-Year,127.4,3057.6,Yes
1057,Male,24,2,Two-Year,130.55,261.1,No
1058,Male,51,42,One-Year,85.76,3601.92,No
1059,Female,22,6,Two-Year,39.67,238.02,Yes
1060,Male,46,25,One-Year,135.94,3398.5,Yes
1061,Male,79,50,Two-Year,136.49,6824.5,No
1062,Female,56,35,One-Year,24.72,865.2,No
1063,Female,48,17,Month-to-Month,172.52,2932.84,No
1064,Female,69,46,One-Year,63.59,2925.14,Yes
1065,Female,37,32,One-Year,148.02,4736.64,Yes
1066,Female,50,52,Two-Year,122.83,6387.16,Yes
1067,Male,48,19,Two-Year,135.75,2579.25,No
1068,Female,42,43,Month-to-Month,134.96,5803.28,Yes
1069,Male,47,43,Two-Year,72.49,3117.07,No
1070,Female,74,45,One-Year,175.45,7895.25,No
1071,Female,71,45,One-Year,60.23,2710.35,Yes
1072,Male,73,48,One-Year,120.28,5773.44,Yes
1073,Female,61,34,Two-Year,196.93,6695.62,No
1074,Male,48,44,Month-to-Month,44.17,1943.48,Yes
1075,Female,75,3,One-Year,43.91,131.73,No
1076,Female,64,13,Month-to-Month,56.06,728.78,Yes
1077,Female,67,39,One-Year,121.77,4749.03,Yes
1078,Male,69,48,One-Year,126.05,6050.4,No
1079,Male,64,38,Two-Year,95.81,3640.78,Yes
1080,Female,62,55,One-Year,71.27,3919.85,No
1081,Female,38,16,Month-to-Month,41.58,665.28,No
1082,Female,79,36,Two-Year,65.44,2355.84,No
1083,Male,28,8,Two-Year,47.62,380.96,No
1084,Male,78,19,One-Year,176.03,3344.57,Yes
1085,Male,75,3,Two-Year,80.05,240.15,No
1086,Female,51,48,One-Year,57.34,2752.32,No
1087,Female,65,39,Month-to-Month,133.44,5204.16,Yes
1088,Male,35,3,Two-Year,126.54,379.62,Yes
1089,Female,42,57,Two-Year,198.14,11293.98,Yes
1090,Male,71,11,Month-to-Month,197.65,2174.15,Yes
1091,Male,75,41,One-Year,190.38,7805.58,Yes
1092,Male,47,3,Month-to-Month,122.7,368.1,Yes
1093,Female,28,33,Two-Year,51.12,1686.96,Yes
1094,Male,53,42,Two-Year,93.9,3943.8,Yes
1095,Female,63,31,One-Year,183.99,5703.69,No
1096,Female,73,41,One-Year,53.98,2213.18,No
1097,Male,61,26,Month-to-Month,36.74,955.24,No
1098,Male,63,24,Month-to-Month,159.24,3821.76,Yes
1099,Female,80,51,One-Year,41.97,2140.47,Yes
1100,Male,59,28,One-Year,145.34,4069.52,Yes
1101,Female,50,25,Month-to-Month,138.48,3462.0,Yes
1102,Female,47,48,Month-to-Month,131.68,6320.64,No
1103,Male,62,7,Two-Year,136.12,952.84,No
1104,Male,69,25,One-Year,78.58,1964.5,Yes
1105,Female,72,5,Two-Year,32.51,162.55,No
1106,Male,55,15,One-Year,74.25,1113.75,No
1107,Male,33,15,Two-Year,63.43,951.45,No
1108,Female,75,16,One-Year,62.32,997.12,No
1109,Female,75,25,One-Year,147.24,3681.0,No
1110,Female,71,23,Month-to-Month,185.92,4276.16,Yes
1111,Female,65,4,Month-to-Month,101.67,406.68,Yes
1112,Male,52,46,Month-to-Month,63.73,2931.58,No
1113,Female,40,58,Month-to-Month,183.92,10667.36,Yes
1114,Male,58,20,Month-to-Month,73.44,1468.8,Yes
1115,Male,59,48,Two-Year,144.98,6959.04,Yes
1116,Female,57,12,One-Year,145.58,1746.96,Yes
1117,Male,47,57,Two-Year,104.26,5942.82,Yes
1118,Female,67,16,Two-Year,85.94,1375.04,No
1119,Male,61,47,One-Year,38.07,1789.29,No
1120,Male,79,3,One-Year,141.48,424.44,No
1121,Female,19,20,Two-Year,116.15,2323.0,Yes
1122,Male,62,47,One-Year,191.77,9013.19,No
1123,Male,40,29,Two-Year,67.79,1965.91,No
1124,Female,46,16,One-Year,72.82,1165.12,No
1125,Female,67,22,Two-Year,91.02,2002.44,Yes
1126,Female,72,37,Month-to-Month,99.98,3699.26,Yes
1127,Male,54,48,Month-to-Month,139.44,6693.12,No
1128,Female,26,43,Month-to-Month,90.57,3894.51,No
1129,Male,45,15,Month-to-Month,112.43,1686.45,No
1130,Female,42,34,Month-to-Month,75.15,2555.1,No
1131,Male,60,33,Month-to-Month,116.57,3846.81,No
1132,Male,20,44,Month-to-Month,149.17,6563.48,Yes
1133,Male,18,26,Month-to-Month,52.43,1363.18,Yes
1134,Male,39,1,Month-to-Month,145.14,145.14,No
1135,Female,26,1,One-Year,37.68,37.68,Yes
1136,Male,19,40,Month-to-Month,31.48,1259.2,Yes
1137,Female,29,2,Month-to-Month,27.54,55.08,No
1138,Female,37,17,Two-Year,42.57,723.69,Yes
1139,Female,68,44,One-Year,79.09,3479.96,Yes
1140,Male,49,31,One-Year,102.65,3182.15,Yes
1141,Male,58,33,Two-Year,146.34,4829.22,No
1142,Female,71,10,Month-to-Month,163.11,1631.1,No
1143,Male,59,48,One-Year,144.41,6931.68,No
1144,Female,25,36,Two-Year,195.71,7045.56,Yes
1145,Male,43,36,Two-Year,79.86,2874.96,No
1146,Male,74,59,Month-to-Month,141.86,8369.74,No
1147,Female,33,42,Two-Year,108.69,4564.98,Yes
1148,Male,73,22,Month-to-Month,160.43,3529.46,No
1149,Female,76,22,One-Year,190.77,4196.94,Yes
1150,Male,46,32,Month-to-Month,57.47,1839.04,Yes
1151,Male,20,16,Month-to-Month,64.36,1029.76,No
1152,Male,74,23,One-Year,101.0,2323.0,Yes
1153,Female,44,40,One-Year,36.03,1441.2,Yes
1154,Male,28,28,One-Year,30.6,856.8,No
1155,Male,34,56,Two-Year,168.83,9454.48,Yes
1156,Male,46,49,Two-Year,111.94,5485.06,Yes
1157,Male,66,20,One-Year,127.44,2548.8,Yes
1158,Male,18,52,Month-to-Month,87.28,4538.56,Yes
1159,Female,42,13,Month-to-Month,141.47,1839.11,No
1160,Female,77,33,Month-to-Month,159.29,5256.57,Yes
1161,Female,49,6,One-Year,156.53,939.18,Yes
1162,Female,64,49,Two-Year,39.58,1939.42,Yes
1163,Female,77,4,One-Year,133.27,533.08,Yes
1164,Female,18,57,One-Year,23.18,1321.26,No
1165,Female,57,27,Two-Year,170.75,4610.25,Yes
1166,Female,65,45,Two-Year,139.28,6267.6,Yes
1167,Male,69,4,Month-to-Month,99.06,396.24,No
1168,Female,19,29,One-Year,90.78,2632.62,Yes
1169,Female,66,24,Two-Year,152.54,3660.96,Yes
1170,Male,69,29,Two-Year,88.49,2566.21,No
1171,Male,67,27,Two-Year,89.77,2423.79,No
1172,Male,49,33,Two-Year,164.92,5442.36,Yes
1173,Female,42,50,Month-to-Month,33.42,1671.0,No
1174,Female,73,56,Month-to-Month,161.46,9041.76,No
1175,Male,34,15,One-Year,70.41,1056.15,No
1176,Female,71,42,One-Year,171.15,7188.3,No
1177,Male,54,50,Two-Year,79.61,3980.5,Yes
1178,Female,68,1,Month-to-Month,131.39,131.39,Yes
1179,Female,45,55,Two-Year,128.5,7067.5,Yes
1180,Female,59,51,Month-to-Month,95.67,4879.17,No
1181,Male,74,49,Two-Year,112.16,5495.84,Yes
1182,Female,45,9,One-Year,188.15,1693.35,No
1183,Male,18,48,Two-Year,174.92,8396.16,No
1184,Female,47,38,Two-Year,50.68,1925.84,Yes
1185,Male,36,31,One-Year,90.58,2807.98,No
1186,Female,27,24,One-Year,110.09,2642.16,Yes
1187,Female,48,43,Month-to-Month,196.22,8437.46,Yes
1188,Male,73,34,One-Year,199.36,6778.24,No
1189,Male,61,21,Two-Year,165.25,3470.25,Yes
1190,Female,45,49,One-Year,102.03,4999.47,No
1191,Female,43,5,One-Year,177.36,886.8,Yes
1192,Male,22,12,Month-to-Month,86.66,1039.92,Yes
1193,Female,58,59,Month-to-Month,119.31,7039.29,Yes
1194,Male,23,45,One-Year,119.38,5372.1,No
1195,Female,19,46,Two-Year,40.77,1875.42,Yes
1196,Female,48,8,One-Year,165.05,1320.4,No
1197,Female,48,10,Two-Year,168.08,1680.8,No
1198,Male,52,28,Month-to-Month,112.28,3143.84,No
1199,Male,39,3,One-Year,109.97,329.91,No
1200,Male,80,34,Month-to-Month,112.01,3808.34,Yes
1201,Female,67,16,Month-to-Month,174.15,2786.4,No
1202,Female,63,9,Two-Year,124.97,1124.73,No
1203,Female,68,31,Month-to-Month,119.98,3719.38,No
1204,Female,68,21,Month-to-Month,96.32,2022.72,Yes
1205,Male,41,35,Month-to-Month,62.37,2182.95,No
1206,Male,43,33,Month-to-Month,76.16,2513.28,Yes
1207,Female,77,8,Two-Year,22.07,176.56,No
1208,Female,70,12,One-Year,83.04,996.48,No
1209,Female,34,16,Month-to-Month,123.56,1976.96,No
1210,Male,76,41,Month-to-Month,120.48,4939.68,No
1211,Male,45,14,Two-Year,94.36,1321.04,No
1212,Male,25,20,Two-Year,89.75,1795.0,Yes
1213,Male,21,2,Month-to-Month,184.65,369.3,No
1214,Female,26,5,Two-Year,177.31,886.55,Yes
1215,Male,67,53,One-Year,29.21,1548.13,Yes
1216,Male,55,2,One-Year,55.86,111.72,Yes
1217,Female,25,45,One-Year,107.21,4824.45,Yes
1218,Male,18,18,Two-Year,73.08,1315.44,No
1219,Female,64,38,Two-Year,39.41,1497.58,Yes
1220,Male,75,6,One-Year,100.25,601.5,Yes
1221,Male,36,44,Month-to-Month,196.92,8664.48,No
1222,Female,54,56,Month-to-Month,81.46,4561.76,Yes
1223,Female,40,17,Two-Year,124.89,2123.13,No
1224,Male,37,6,Two-Year,103.21,619.26,No
1225,Male,60,27,Two-Year,84.4,2278.8,Yes
1226,Female,23,25,Two-Year,164.43,4110.75,Yes
1227,Male,36,33,Two-Year,154.82,5109.06,Yes
1228,Female,79,1,Month-to-Month,180.23,180.23,No
1229,Male,23,54,One-Year,90.68,4896.72,No
1230,Male,55,44,One-Year,137.15,6034.6,No
1231,Female,73,22,One-Year,193.64,4260.08,Yes
1232,Female,59,10,Month-to-Month,108.19,1081.9,Yes
1233,Female,78,41,Month-to-Month,42.91,1759.31,Yes
1234,Female,24,17,Two-Year,175.96,2991.32,Yes
1235,Female,33,21,Month-to-Month,113.05,2374.05,Yes
1236,Male,40,26,Two-Year,68.13,1771.38,Yes
1237,Male,51,35,Two-Year,111.91,3916.85,No
1238,Male,24,38,Two-Year,49.19,1869.22,No
1239,Female,36,33,Two-Year,98.14,3238.62,Yes
1240,Female,60,57,Two-Year,48.67,2774.19,Yes
1241,Female,19,6,One-Year,186.56,1119.36,No
1242,Male,57,2,One-Year,197.91,395.82,No
1243,Female,38,54,Two-Year,41.81,2257.74,Yes
1244,Male,58,3,Month-to-Month,169.88,509.64,No
1245,Male,26,9,Two-Year,137.84,1240.56,No
1246,Female,58,41,One-Year,74.84,3068.44,No
1247,Male,67,7,Two-Year,47.29,331.03,No
1248,Female,70,45,One-Year,164.33,7394.85,Yes
1249,Male,28,59,Month-to-Month,79.88,4712.92,No
1250,Female,53,14,Month-to-Month,68.92,964.88,No
1251,Male,46,3,One-Year,51.77,155.31,Yes
1252,Male,19,18,Month-to-Month,145.89,2626.02,No
1253,Male,64,11,Two-Year,168.49,1853.39,No
1254,Female,36,8,One-Year,34.29,274.32,No
1255,Male,69,21,Two-Year,163.09,3424.89,Yes
1256,Male,70,59,Two-Year,196.4,11587.6,Yes
1257,Male,36,49,Month-to-Month,184.9,9060.1,No
1258,Female,56,44,Two-Year,189.43,8334.92,No
1259,Male,39,13,Two-Year,56.66,736.58,Yes
1260,Male,75,18,One-Year,164.85,2967.3,No
1261,Male,50,28,One-Year,21.42,599.76,Yes
1262,Male,50,51,One-Year,79.89,4074.39,No
1263,Female,78,22,Two-Year,104.4,2296.8,Yes
1264,Male,31,25,Two-Year,100.82,2520.5,No
1265,Male,36,51,Month-to-Month,176.69,9011.19,No
1266,Male,40,50,Month-to-Month,119.62,5981.0,No
1267,Male,44,42,One-Year,115.21,4838.82,Yes
1268,Female,61,16,Two-Year,76.15,1218.4,Yes
1269,Female,63,18,One-Year,122.9,2212.2,No
1270,Female,24,27,Month-to-Month,110.01,2970.27,Yes
1271,Male,76,29,Two-Year,168.4,4883.6,No
1272,Male,45,18,Month-to-Month,187.54,3375.72,Yes
1273,Male,53,7,Two-Year,35.71,249.97,No
1274,Female,53,1,Two-Year,75.44,75.44,No
1275,Male,62,36,Two-Year,103.16,3713.76,Yes
1276,Male,28,44,One-Year,80.75,3553.0,No
1277,Male,59,52,Two-Year,164.9,8574.8,Yes
1278,Female,77,26,Two-Year,144.35,3753.1,Yes
1279,Male,76,46,Month-to-Month,29.02,1334.92,Yes
1280,Male,60,56,One-Year,32.72,1832.32,No
1281,Female,64,35,Two-Year,121.61,4256.35,Yes
1282,Male,80,44,One-Year,58.74,2584.56,Yes
1283,Male,59,52,Month-to-Month,36.77,1912.04,No
1284,Female,51,27,Two-Year,168.45,4548.15,Yes
1285,Male,80,46,Two-Year,136.32,6270.72,Yes
1286,Male,38,43,One-Year,38.67,1662.81,No
1287,Female,27,60,One-Year,43.27,2596.2,No
1288,Female,71,12,One-Year,134.4,1612.8,No
1289,Female,38,5,One-Year,38.24,191.2,Yes
1290,Female,69,36,Two-Year,188.77,6795.72,Yes
1291,Male,29,39,Month-to-Month,106.47,4152.33,Yes
1292,Female,46,42,One-Year,178.52,7497.84,No
1293,Male,29,49,Two-Year,44.27,2169.23,No
1294,Male,65,10,Two-Year,58.54,585.4,Yes
1295,Female,70,54,Two-Year,182.45,9852.3,No
1296,Female,71,30,Two-Year,42.9,1287.0,No
1297,Female,58,11,Month-to-Month,41.56,457.16,No
1298,Male,26,39,One-Year,65.58,2557.62,Yes
1299,Female,43,24,One-Year,81.37,1952.88,Yes
1300,Male,35,38,Month-to-Month,137.88,5239.44,Yes
1301,Female,76,18,Month-to-Month,119.39,2149.02,No
1302,Female,20,28,Two-Year,51.78,1449.84,No
1303,Male,24,19,Two-Year,188.34,3578.46,No
1304,Female,22,18,Month-to-Month,142.83,2570.94,Yes
1305,Female,56,16,Two-Year,182.99,2927.84,Yes
1306,Female,72,55,Two-Year,65.91,3625.05,Yes
1307,Female,31,4,Two-Year,114.04,456.16,Yes
1308,Female,63,20,One-Year,184.22,3684.4,No
1309,Female,57,50,Month-to-Month,75.28,3764.0,Yes
1310,Male,33,60,One-Year,151.01,9060.6,No
1311,Male,69,43,Two-Year,197.3,8483.9,No
1312,Female,69,25,One-Year,139.82,3495.5,Yes
1313,Female,27,60,Month-to-Month,143.63,8617.8,No
1314,Male,80,57,One-Year,52.28,2979.96,No
1315,Female,74,10,Two-Year,162.66,1626.6,Yes
1316,Female,63,49,Two-Year,175.96,8622.04,No
1317,Female,74,28,Two-Year,142.23,3982.44,No
1318,Female,57,8,Two-Year,94.4,755.2,Yes
1319,Female,23,3,One-Year,128.98,386.94,Yes
1320,Male,46,18,One-Year,192.97,3473.46,No
1321,Male,19,23,Two-Year,148.25,3409.75,No
1322,Male,69,2,One-Year,148.54,297.08,No
1323,Female,68,10,Two-Year,57.81,578.1,No
1324,Male,45,58,One-Year,76.84,4456.72,Yes
1325,Male,36,38,Month-to-Month,116.34,4420.92,Yes
1326,Male,31,56,Month-to-Month,147.23,8244.88,Yes
1327,Female,62,32,Month-to-Month,137.28,4392.96,No
1328,Female,47,60,One-Year,68.31,4098.6,Yes
1329,Male,45,16,One-Year,27.68,442.88,Yes
1330,Male,32,52,Month-to-Month,31.13,1618.76,Yes
1331,Female,76,17,Two-Year,107.31,1824.27,Yes
1332,Male,73,56,Two-Year,98.51,5516.56,No
1333,Female,29,15,Two-Year,159.58,2393.7,Yes
1334,Male,65,1,Two-Year,51.89,51.89,Yes
1335,Male,65,60,Two-Year,104.86,6291.6,Yes
1336,Female,66,56,One-Year,142.11,7958.16,Yes
1337,Male,75,36,Two-Year,185.94,6693.84,Yes
1338,Male,74,33,Month-to-Month,194.79,6428.07,Yes
1339,Male,59,51,Two-Year,103.44,5275.44,No
1340,Male,49,42,Month-to-Month,179.64,7544.88,No
1341,Male,80,29,One-Year,38.77,1124.33,Yes
1342,Female,45,1,Two-Year,104.78,104.78,Yes
1343,Male,36,50,One-Year,147.89,7394.5,No
1344,Male,35,58,Month-to-Month,62.98,3652.84,No
1345,Male,21,8,One-Year,36.5,292.0,Yes
1346,Male,80,46,One-Year,161.61,7434.06,Yes
1347,Female,36,37,Month-to-Month,42.53,1573.61,Yes
1348,Female,58,52,Two-Year,104.0,5408.0,No
1349,Female,74,37,Two-Year,97.86,3620.82,No
1350,Male,78,21,One-Year,144.92,3043.32,No
1351,Male,56,38,Two-Year,57.75,2194.5,No
1352,Female,70,3,Month-to-Month,137.56,412.68,No
1353,Male,41,59,One-Year,118.08,6966.72,No
1354,Female,75,53,Month-to-Month,127.76,6771.28,No
1355,Male,52,23,Month-to-Month,38.84,893.32,No
1356,Female,71,11,One-Year,114.05,1254.55,Yes
1357,Female,80,21,One-Year,61.75,1296.75,No
1358,Male,72,43,One-Year,100.02,4300.86,Yes
1359,Female,54,50,One-Year,65.68,3284.0,Yes
1360,Male,68,29,Two-Year,64.36,1866.44,No
1361,Male,21,43,One-Year,58.74,2525.82,Yes
1362,Female,32,30,One-Year,169.41,5082.3,No
1363,Male,64,42,One-Year,30.5,1281.0,No
1364,Female,20,55,Month-to-Month,144.36,7939.8,Yes
1365,Female,64,7,Two-Year,148.54,1039.78,No
1366,Female,77,12,Month-to-Month,198.63,2383.56,No
1367,Male,58,3,One-Year,83.9,251.7,Yes
1368,Female,68,12,Two-Year,68.08,816.96,No
1369,Female,44,38,One-Year,32.81,1246.78,No
1370,Male,71,32,Two-Year,154.08,4930.56,No
1371,Male,23,14,One-Year,129.81,1817.34,Yes
1372,Female,33,55,One-Year,176.14,9687.7,Yes
1373,Female,69,26,Month-to-Month,54.87,1426.62,No
1374,Female,33,29,One-Year,71.7,2079.3,No
1375,Male,64,60,One-Year,188.09,11285.4,Yes
1376,Male,18,13,Month-to-Month,28.97,376.61,No
1377,Female,78,47,One-Year,137.1,6443.7,No
1378,Male,54,2,Two-Year,114.78,229.56,No
1379,Female,74,35,One-Year,52.39,1833.65,Yes
1380,Male,53,50,Month-to-Month,86.16,4308.0,No
1381,Female,56,7,Two-Year,175.89,1231.23,No
1382,Male,33,5,One-Year,38.46,192.3,No
1383,Female,28,33,Month-to-Month,162.75,5370.75,No
1384,Female,40,15,Month-to-Month,35.72,535.8,Yes
1385,Male,67,17,Month-to-Month,50.99,866.83,Yes
1386,Female,47,30,One-Year,123.01,3690.3,No
1387,Female,37,20,Two-Year,124.18,2483.6,Yes
1388,Female,52,4,Two-Year,180.57,722.28,Yes
1389,Male,37,3,One-Year,33.51,100.53,No
1390,Male,57,30,One-Year,71.6,2148.0,No
1391,Male,77,33,Month-to-Month,157.41,5194.53,Yes
1392,Female,53,38,Two-Year,119.96,4558.48,No
1393,Male,57,1,Month-to-Month,27.03,27.03,Yes
1394,Female,41,9,One-Year,97.94,881.46,No
1395,Female,34,31,One-Year,143.81,4458.11,No
1396,Female,51,8,Two-Year,144.47,1155.76,Yes
1397,Female,22,16,Month-to-Month,159.63,2554.08,Yes
1398,Male,45,22,One-Year,41.46,912.12,Yes
1399,Female,49,25,Two-Year,104.02,2600.5,No
1400,Female,71,25,Two-Year,189.27,4731.75,Yes
1401,Male,50,34,Two-Year,150.43,5114.62,No
1402,Male,66,57,Two-Year,178.27,10161.39,Yes
1403,Male,28,3,One-Year,180.56,541.68,Yes
1404,Female,37,3,One-Year,96.14,288.42,No
1405,Female,74,18,Month-to-Month,126.52,2277.36,Yes
1406,Male,20,41,One-Year,172.37,7067.17,No
1407,Male,26,20,Two-Year,190.67,3813.4,No
1408,Female,19,10,Month-to-Month,47.7,477.0,Yes
1409,Male,61,16,Two-Year,123.58,1977.28,Yes
1410,Male,43,10,Month-to-Month,72.87,728.7,No
1411,Male,62,49,One-Year,170.06,8332.94,Yes
1412,Female,36,48,Two-Year,132.18,6344.64,Yes
1413,Female,61,31,Month-to-Month,32.19,997.89,Yes
1414,Female,41,36,One-Year,99.88,3595.68,No
1415,Female,76,56,Two-Year,197.56,11063.36,No
1416,Female,32,15,Month-to-Month,56.49,847.35,Yes
1417,Male,68,10,Two-Year,72.37,723.7,No
1418,Male,47,31,Month-to-Month,48.78,1512.18,No
1419,Male,75,58,Two-Year,121.97,7074.26,No
1420,Female,62,18,Two-Year,148.67,2676.06,Yes
1421,Female,41,7,One-Year,154.82,1083.74,No
1422,Female,36,44,Month-to-Month,47.39,2085.16,Yes
1423,Female,25,38,One-Year,103.25,3923.5,Yes
1424,Male,50,51,Two-Year,43.72,2229.72,Yes
1425,Male,51,23,One-Year,184.13,4234.99,No
1426,Male,46,45,Month-to-Month,176.26,7931.7,Yes
1427,Female,63,51,One-Year,21.62,1102.62,No
1428,Male,55,52,Month-to-Month,111.26,5785.52,No
1429,Female,45,58,One-Year,116.83,6776.14,Yes
1430,Female,71,9,Two-Year,88.35,795.15,Yes
1431,Female,22,26,Two-Year,112.35,2921.1,No
1432,Female,58,42,Two-Year,166.35,6986.7,Yes
1433,Male,46,47,One-Year,75.23,3535.81,Yes
1434,Female,42,9,One-Year,154.77,1392.93,No
1435,Male,53,46,Month-to-Month,160.85,7399.1,No
1436,Male,29,21,Two-Year,175.31,3681.51,No
1437,Male,75,51,One-Year,71.53,3648.03,Yes
1438,Female,72,1,One-Year,150.57,150.57,No
1439,Male,70,51,Month-to-Month,51.38,2620.38,No
1440,Female,72,20,Two-Year,107.4,2148.0,Yes
1441,Male,70,59,One-Year,67.82,4001.38,No
1442,Male,71,22,One-Year,163.68,3600.96,No
1443,Female,62,49,Month-to-Month,28.08,1375.92,Yes
1444,Male,30,33,One-Year,126.88,4187.04,No
1445,Male,21,36,Month-to-Month,173.4,6242.4,No
1446,Male,80,18,One-Year,163.21,2937.78,No
1447,Male,38,18,One-Year,120.39,2167.02,No
1448,Male,74,60,Two-Year,31.9,1914.0,No
1449,Male,55,2,Two-Year,172.66,345.32,No
1450,Male,57,35,Month-to-Month,57.58,2015.3,Yes
1451,Female,20,58,Month-to-Month,164.74,9554.92,Yes
1452,Male,57,25,One-Year,168.32,4208.0,Yes
1453,Female,52,40,Month-to-Month,48.46,1938.4,Yes
1454,Male,18,16,Two-Year,162.31,2596.96,No
1455,Female,27,56,Month-to-Month,89.63,5019.28,No
1456,Female,31,56,Two-Year,29.96,1677.76,Yes
1457,Female,35,8,One-Year,132.73,1061.84,No
1458,Female,76,59,Two-Year,148.07,8736.13,Yes
1459,Female,50,39,One-Year,22.19,865.41,No
1460,Male,66,34,Month-to-Month,130.12,4424.08,No
1461,Female,32,56,One-Year,63.5,3556.0,No
1462,Male,29,45,One-Year,147.98,6659.1,No
1463,Male,43,1,Month-to-Month,122.74,122.74,No
1464,Female,76,6,One-Year,144.98,869.88,No
1465,Female,75,49,Month-to-Month,170.37,8348.13,No
1466,Male,35,45,Month-to-Month,59.3,2668.5,Yes
1467,Female,40,7,One-Year,81.91,573.37,Yes
1468,Male,18,23,Month-to-Month,92.89,2136.47,Yes
1469,Female,64,37,Two-Year,115.67,4279.79,Yes
1470,Female,75,16,Month-to-Month,26.89,430.24,No
1471,Male,72,26,Month-to-Month,164.87,4286.62,Yes
1472,Male,58,39,One-Year,147.38,5747.82,Yes
1473,Female,70,13,Month-to-Month,45.88,596.44,Yes
1474,Female,30,45,Month-to-Month,126.71,5701.95,Yes
1475,Female,18,60,Two-Year,194.15,11649.0,Yes
1476,Male,71,17,One-Year,85.48,1453.16,No
1477,Female,60,49,Month-to-Month,191.77,9396.73,No
1478,Female,31,25,Month-to-Month,124.25,3106.25,Yes
1479,Male,25,3,Month-to-Month,73.15,219.45,Yes
1480,Female,44,7,Month-to-Month,21.81,152.67,No
1481,Male,49,50,Month-to-Month,23.17,1158.5,No
1482,Male,29,39,One-Year,133.18,5194.02,No
1483,Female,80,20,Month-to-Month,109.22,2184.4,No
1484,Male,64,21,One-Year,75.79,1591.59,No
1485,Female,71,23,One-Year,162.41,3735.43,No
1486,Female,32,30,Two-Year,30.57,917.1,No
1487,Male,61,40,Two-Year,165.88,6635.2,No
1488,Female,42,32,One-Year,134.39,4300.48,Yes
1489,Male,70,18,One-Year,146.48,2636.64,No
1490,Female,45,42,Month-to-Month,166.16,6978.72,No
1491,Female,47,29,Two-Year,83.94,2434.26,No
1492,Male,78,19,Two-Year,164.34,3122.46,Yes
1493,Male,74,23,Month-to-Month,171.73,3949.79,No
1494,Male,46,28,One-Year,30.87,864.36,No
1495,Male,26,8,Two-Year,185.58,1484.64,No
1496,Female,80,43,One-Year,52.98,2278.14,No
1497,Female,28,21,Two-Year,54.26,1139.46,Yes
1498,Female,55,27,One-Year,146.73,3961.71,Yes
1499,Female,43,22,One-Year,27.8,611.6,No
1500,Male,72,3,One-Year,77.98,233.94,Yes
1501,Male,34,23,One-Year,133.46,3069.58,Yes
1502,Female,74,41,Month-to-Month,109.15,4475.15,Yes
1503,Female,36,57,Month-to-Month,105.11,5991.27,Yes
1504,Female,24,5,Two-Year,42.0,210.0,Yes
1505,Male,18,2,Two-Year,188.72,377.44,No
1506,Male,34,31,Month-to-Month,184.73,5726.63,Yes
1507,Female,40,6,Month-to-Month,145.36,872.16,Yes
1508,Female,76,60,Two-Year,165.62,9937.2,No
1509,Female,22,30,One-Year,151.41,4542.3,No
1510,Male,38,26,Month-to-Month,71.64,1862.64,No
1511,Female,56,37,Month-to-Month,162.91,6027.67,Yes
1512,Female,43,12,Month-to-Month,68.58,822.96,Yes
1513,Male,74,26,One-Year,34.52,897.52,Yes
1514,Female,75,10,Two-Year,155.58,1555.8,No
1515,Male,47,2,One-Year,136.19,272.38,Yes
1516,Male,61,30,Month-to-Month,22.94,688.2,Yes
1517,Female,80,13,Two-Year,98.03,1274.39,Yes
1518,Male,47,28,One-Year,98.42,2755.76,No
1519,Male,31,44,Two-Year,70.87,3118.28,Yes
1520,Female,51,27,One-Year,162.54,4388.58,No
1521,Male,29,21,Two-Year,191.69,4025.49,Yes
1522,Male,45,25,Two-Year,197.33,4933.25,No
1523,Male,54,53,Two-Year,139.06,7370.18,Yes
1524,Male,24,45,Month-to-Month,103.15,4641.75,No
1525,Male,41,58,Two-Year,52.53,3046.74,No
1526,Male,65,15,Two-Year,185.03,2775.45,Yes
1527,Female,26,30,Month-to-Month,131.51,3945.3,No
1528,Female,41,42,One-Year,158.64,6662.88,No
1529,Male,51,57,One-Year,78.08,4450.56,Yes
1530,Male,77,29,Two-Year,164.64,4774.56,Yes
1531,Female,60,7,One-Year,90.89,636.23,Yes
1532,Male,29,45,One-Year,21.39,962.55,No
1533,Male,56,39,Month-to-Month,36.41,1419.99,Yes
1534,Male,49,33,Month-to-Month,179.83,5934.39,Yes
1535,Female,31,53,Month-to-Month,82.92,4394.76,No
1536,Male,50,42,Two-Year,198.47,8335.74,Yes
1537,Male,32,22,Two-Year,150.22,3304.84,Yes
1538,Female,60,2,Month-to-Month,35.65,71.3,No
1539,Female,24,59,One-Year,69.18,4081.62,No
1540,Female,69,53,Two-Year,64.39,3412.67,Yes
1541,Male,34,21,Month-to-Month,97.56,2048.76,No
1542,Female,20,39,One-Year,21.96,856.44,Yes
1543,Male,80,14,Month-to-Month,195.07,2730.98,Yes
1544,Male,72,32,Two-Year,124.28,3976.96,No
1545,Male,68,28,Month-to-Month,58.31,1632.68,Yes
1546,Female,71,21,One-Year,31.01,651.21,Yes
1547,Male,58,9,Month-to-Month,88.25,794.25,Yes
1548,Male,72,34,Two-Year,46.14,1568.76,No
1549,Female,41,39,Two-Year,26.69,1040.91,No
1550,Female,55,1,Two-Year,80.45,80.45,Yes
1551,Female,34,25,Two-Year,124.46,3111.5,No
1552,Male,26,32,Month-to-Month,67.2,2150.4,Yes
1553,Male,33,32,Two-Year,183.52,5872.64,Yes
1554,Female,58,7,One-Year,40.26,281.82,Yes
1555,Male,47,8,Month-to-Month,46.57,372.56,No
1556,Female,77,25,One-Year,93.21,2330.25,No
1557,Female,43,41,Two-Year,99.04,4060.64,No
1558,Male,31,27,One-Year,24.66,665.82,Yes
1559,Female,20,54,Month-to-Month,107.98,5830.92,Yes
1560,Female,58,41,Two-Year,30.4,1246.4,No
1561,Male,34,42,Month-to-Month,108.57,4559.94,No
1562,Female,37,27,One-Year,50.24,1356.48,No
1563,Male,74,34,One-Year,117.03,3979.02,No
1564,Female,71,53,Month-to-Month,151.67,8038.51,Yes
1565,Male,62,2,Month-to-Month,107.58,215.16,No
1566,Female,54,5,Two-Year,181.62,908.1,Yes
1567,Female,62,21,Month-to-Month,75.56,1586.76,No
1568,Male,28,25,Month-to-Month,155.45,3886.25,Yes
1569,Female,78,15,One-Year,53.83,807.45,Yes
1570,Female,18,4,One-Year,77.89,311.56,No
1571,Male,73,58,One-Year,44.23,2565.34,Yes
1572,Male,32,2,Month-to-Month,84.74,169.48,No
1573,Female,35,50,Two-Year,68.89,3444.5,No
1574,Female,55,55,One-Year,118.41,6512.55,No
1575,Male,41,36,Two-Year,137.79,4960.44,No
1576,Male,49,35,One-Year,141.01,4935.35,No
1577,Female,68,7,Two-Year,115.45,808.15,No
1578,Male,44,46,Two-Year,132.13,6077.98,No
1579,Male,76,46,Month-to-Month,171.96,7910.16,Yes
1580,Female,23,19,Month-to-Month,179.48,3410.12,Yes
1581,Female,67,49,Month-to-Month,126.01,6174.49,Yes
1582,Male,73,60,Month-to-Month,168.27,10096.2,Yes
1583,Female,66,42,One-Year,75.72,3180.24,Yes
1584,Female,29,22,Month-to-Month,177.18,3897.96,No
1585,Male,68,53,One-Year,53.56,2838.68,No
1586,Male,68,35,Month-to-Month,86.8,3038.0,No
1587,Male,71,5,One-Year,91.71,458.55,No
1588,Male,78,44,One-Year,103.43,4550.92,Yes
1589,Male,69,11,One-Year,99.38,1093.18,Yes
1590,Male,67,7,Month-to-Month,189.69,1327.83,Yes
1591,Female,54,29,Two-Year,97.13,2816.77,Yes
1592,Female,20,37,One-Year,50.1,1853.7,No
1593,Female,31,4,One-Year,133.23,532.92,No
1594,Female,30,52,Two-Year,195.01,10140.52,Yes
1595,Female,27,50,One-Year,93.72,4686.0,No
1596,Male,73,3,Month-to-Month,198.85,596.55,No
1597,Male,24,55,One-Year,104.04,5722.2,No
1598,Male,80,56,Two-Year,144.03,8065.68,Yes
1599,Male,24,59,Month-to-Month,183.57,10830.63,No
1600,Female,56,30,Month-to-Month,116.33,3489.9,Yes
1601,Female,57,41,One-Year,63.5,2603.5,Yes
1602,Male,46,43,Two-Year,167.83,7216.69,No
1603,Male,48,13,Month-to-Month,135.12,1756.56,Yes
1604,Male,24,25,One-Year,27.51,687.75,No
1605,Female,20,9,Two-Year,133.6,1202.4,Yes
1606,Female,21,23,One-Year,118.13,2716.99,Yes
1607,Male,23,39,Month-to-Month,138.62,5406.18,No
1608,Female,69,27,Two-Year,99.59,2688.93,No
1609,Female,25,13,One-Year,50.06,650.78,No
1610,Male,77,39,Two-Year,136.0,5304.0,No
1611,Female,61,22,Month-to-Month,30.86,678.92,No
1612,Male,80,43,Month-to-Month,172.6,7421.8,No
1613,Female,47,18,One-Year,192.42,3463.56,Yes
1614,Female,42,39,Two-Year,84.41,3291.99,No
1615,Male,63,33,One-Year,45.87,1513.71,Yes
1616,Female,40,33,Month-to-Month,63.79,2105.07,Yes
1617,Female,72,58,Two-Year,90.97,5276.26,No
1618,Male,64,31,One-Year,62.85,1948.35,No
1619,Female,57,57,Month-to-Month,168.67,9614.19,No
1620,Female,58,38,Month-to-Month,176.95,6724.1,No
1621,Female,45,7,One-Year,198.32,1388.24,Yes
1622,Female,18,21,One-Year,26.02,546.42,No
1623,Male,44,42,Two-Year,104.79,4401.18,No
1624,Male,21,32,Month-to-Month,57.56,1841.92,Yes
1625,Female,58,13,One-Year,96.61,1255.93,Yes
1626,Male,60,24,One-Year,137.05,3289.2,Yes
1627,Male,34,3,Month-to-Month,193.7,581.1,No
1628,Male,80,33,One-Year,72.98,2408.34,Yes
1629,Male,69,48,One-Year,151.5,7272.0,No
1630,Female,47,54,One-Year,43.83,2366.82,No
1631,Female,48,22,Month-to-Month,28.19,620.18,No
1632,Male,76,36,Two-Year,74.2,2671.2,Yes
1633,Female,36,35,Two-Year,94.23,3298.05,Yes
1634,Male,20,32,Two-Year,53.86,1723.52,Yes
1635,Male,23,12,Month-to-Month,183.49,2201.88,No
1636,Male,36,5,Two-Year,46.88,234.4,Yes
1637,Male,49,23,Month-to-Month,155.67,3580.41,Yes
1638,Male,56,39,Month-to-Month,150.7,5877.3,Yes
1639,Male,21,8,One-Year,130.42,1043.36,No
1640,Male,34,35,One-Year,86.89,3041.15,Yes
1641,Male,52,54,Two-Year,47.62,2571.48,Yes
1642,Female,76,14,Two-Year,191.17,2676.38,Yes
1643,Female,59,35,Two-Year,121.99,4269.65,No
1644,Female,76,48,Month-to-Month,164.68,7904.64,Yes
1645,Male,46,1,Two-Year,168.03,168.03,Yes
1646,Female,52,55,One-Year,198.73,10930.15,No
1647,Male,63,59,Month-to-Month,37.13,2190.67,Yes
1648,Male,36,5,Two-Year,89.22,446.1,Yes
1649,Female,30,9,Two-Year,87.44,786.96,No
1650,Male,58,47,Month-to-Month,92.2,4333.4,No
1651,Male,63,36,Month-to-Month,26.29,946.44,Yes
1652,Female,52,46,Month-to-Month,110.39,5077.94,Yes
1653,Female,34,49,One-Year,65.57,3212.93,No
1654,Male,47,16,Month-to-Month,51.28,820.48,No
1655,Male,57,33,One-Year,71.17,2348.61,No
1656,Male,41,29,Two-Year,189.43,5493.47,Yes
1657,Female,44,53,Month-to-Month,182.08,9650.24,No
1658,Female,32,15,Two-Year,77.58,1163.7,No
1659,Male,38,51,Two-Year,24.23,1235.73,No
1660,Male,41,15,Month-to-Month,90.03,1350.45,No
1661,Female,23,43,One-Year,47.0,2021.0,No
1662,Male,37,2,Two-Year,188.91,377.82,No
1663,Female,24,50,Two-Year,23.35,1167.5,Yes
1664,Female,32,47,One-Year,116.67,5483.49,Yes
1665,Female,74,23,Two-Year,149.51,3438.73,No
1666,Male,49,21,Month-to-Month,68.15,1431.15,Yes
1667,Male,57,51,Two-Year,179.95,9177.45,Yes
1668,Female,73,49,One-Year,180.21,8830.29,Yes
1669,Female,25,55,One-Year,106.01,5830.55,Yes
1670,Female,75,45,Month-to-Month,113.67,5115.15,Yes
1671,Male,55,33,Month-to-Month,53.02,1749.66,Yes
1672,Male,28,13,Month-to-Month,20.19,262.47,No
1673,Male,80,11,Month-to-Month,144.51,1589.61,No
1674,Female,66,46,Month-to-Month,117.99,5427.54,Yes
1675,Female,49,35,Two-Year,193.62,6776.7,No
1676,Male,63,12,Month-to-Month,106.24,1274.88,No
1677,Male,32,1,Two-Year,61.91,61.91,No
1678,Male,77,54,Month-to-Month,103.57,5592.78,Yes
1679,Female,61,34,Two-Year,86.14,2928.76,No
1680,Female,54,59,Month-to-Month,179.1,10566.9,No
1681,Male,45,14,One-Year,188.11,2633.54,Yes
1682,Male,72,24,Month-to-Month,172.17,4132.08,No
1683,Male,78,53,Two-Year,175.37,9294.61,Yes
1684,Female,48,23,Month-to-Month,48.22,1109.06,Yes
1685,Male,30,12,Two-Year,24.6,295.2,Yes
1686,Male,43,52,Two-Year,113.9,5922.8,No
1687,Female,33,17,Two-Year,64.41,1094.97,Yes
1688,Female,42,9,Month-to-Month,74.92,674.28,No
1689,Female,80,11,Month-to-Month,99.16,1090.76,Yes
1690,Male,60,1,Month-to-Month,63.95,63.95,No
1691,Female,52,23,Month-to-Month,146.24,3363.52,No
1692,Male,57,35,Two-Year,194.7,6814.5,Yes
1693,Male,61,42,Two-Year,82.66,3471.72,Yes
1694,Female,69,45,Two-Year,143.1,6439.5,Yes
1695,Male,68,60,One-Year,28.38,1702.8,No
1696,Female,59,2,Two-Year,177.99,355.98,No
1697,Male,53,21,Two-Year,97.65,2050.65,No
1698,Male,61,21,Two-Year,104.41,2192.61,Yes
1699,Female,42,25,Two-Year,158.55,3963.75,Yes
1700,Male,56,23,Two-Year,40.19,924.37,No
1701,Female,19,41,Month-to-Month,87.21,3575.61,No
1702,Male,53,45,One-Year,108.15,4866.75,Yes
1703,Female,70,4,Month-to-Month,52.53,210.12,No
1704,Male,53,52,Month-to-Month,71.23,3703.96,No
1705,Female,53,42,One-Year,191.04,8023.68,No
1706,Male,24,24,One-Year,78.02,1872.48,Yes
1707,Female,57,9,Two-Year,190.49,1714.41,Yes
1708,Female,38,21,One-Year,173.24,3638.04,No
1709,Male,28,20,One-Year,166.14,3322.8,No
1710,Male,40,50,One-Year,66.55,3327.5,Yes
1711,Male,73,59,Month-to-Month,183.21,10809.39,Yes
1712,Female,28,43,Two-Year,158.0,6794.0,No
1713,Female,39,13,One-Year,102.17,1328.21,Yes
1714,Male,52,39,One-Year,83.5,3256.5,Yes
1715,Male,39,50,Month-to-Month,65.35,3267.5,Yes
1716,Male,75,20,Two-Year,143.9,2878.0,Yes
1717,Female,51,2,Month-to-Month,183.83,367.66,Yes
1718,Female,62,31,Two-Year,62.09,1924.79,Yes
1719,Female,75,39,Two-Year,150.3,5861.7,No
1720,Female,34,48,Two-Year,106.36,5105.28,No
1721,Male,59,15,Month-to-Month,163.27,2449.05,No
1722,Female,77,17,Two-Year,109.57,1862.69,No
1723,Male,32,6,Month-to-Month,37.51,225.06,No
1724,Male,65,12,Month-to-Month,190.86,2290.32,Yes
1725,Male,35,35,Month-to-Month,185.72,6500.2,No
1726,Female,48,23,Two-Year,105.05,2416.15,Yes
1727,Male,54,18,Two-Year,131.05,2358.9,No
1728,Female,48,53,Month-to-Month,121.4,6434.2,Yes
1729,Male,79,36,Two-Year,126.02,4536.72,Yes
1730,Male,51,18,Month-to-Month,93.75,1687.5,Yes
1731,Female,52,35,Two-Year,155.08,5427.8,Yes
1732,Female,56,12,One-Year,109.97,1319.64,No
1733,Female,36,58,One-Year,120.38,6982.04,Yes
1734,Female,65,29,One-Year,70.2,2035.8,No
1735,Male,45,16,Month-to-Month,106.67,1706.72,Yes
1736,Female,19,21,One-Year,88.95,1867.95,No
1737,Female,33,57,Month-to-Month,156.31,8909.67,Yes
1738,Female,68,40,One-Year,166.11,6644.4,No
1739,Male,67,39,Month-to-Month,167.83,6545.37,Yes
1740,Female,18,28,Month-to-Month,105.37,2950.36,No
1741,Female,51,23,Two-Year,146.83,3377.09,No
1742,Male,75,50,Two-Year,30.2,1510.0,No
1743,Female,34,24,One-Year,163.73,3929.52,Yes
1744,Female,31,34,One-Year,159.56,5425.04,No
1745,Female,48,25,Month-to-Month,53.34,1333.5,Yes
1746,Female,58,21,One-Year,158.26,3323.46,Yes
1747,Female,29,50,Two-Year,43.44,2172.0,No
1748,Male,40,6,One-Year,27.78,166.68,No
1749,Female,70,32,Two-Year,77.8,2489.6,No
1750,Male,53,7,One-Year,100.47,703.29,Yes
1751,Male,68,1,Month-to-Month,175.77,175.77,Yes
1752,Male,71,52,One-Year,167.05,8686.6,No
1753,Male,70,2,Two-Year,170.69,341.38,No
1754,Male,34,27,Month-to-Month,159.79,4314.33,Yes
1755,Female,30,57,One-Year,46.33,2640.81,Yes
1756,Female,64,22,Two-Year,84.29,1854.38,Yes
1757,Female,37,36,One-Year,170.94,6153.84,No
1758,Female,71,22,One-Year,102.82,2262.04,Yes
1759,Female,45,21,One-Year,81.37,1708.77,No
1760,Female,61,45,Two-Year,33.46,1505.7,No
1761,Female,35,54,Two-Year,131.42,7096.68,Yes
1762,Male,62,14,Two-Year,20.7,289.8,No
1763,Female,44,7,Month-to-Month,187.34,1311.38,Yes
1764,Male,56,52,One-Year,82.9,4310.8,Yes
1765,Male,52,38,Two-Year,136.55,5188.9,Yes
1766,Female,66,19,Two-Year,161.22,3063.18,No
1767,Female,78,1,Month-to-Month,83.83,83.83,No
1768,Male,60,45,Two-Year,167.0,7515.0,No
1769,Male,32,18,Month-to-Month,118.3,2129.4,No
1770,Female,67,16,Month-to-Month,194.74,3115.84,Yes
1771,Male,18,50,Two-Year,23.94,1197.0,Yes
1772,Male,19,33,Month-to-Month,102.33,3376.89,Yes
1773,Female,79,39,One-Year,104.33,4068.87,No
1774,Male,47,29,Month-to-Month,100.97,2928.13,No
1775,Male,66,19,Two-Year,43.35,823.65,No
1776,Female,21,44,Month-to-Month,119.66,5265.04,Yes
1777,Male,59,16,One-Year,32.54,520.64,No
1778,Male,72,4,Two-Year,48.27,193.08,Yes
1779,Female,68,56,Two-Year,136.06,7619.36,No
1780,Female,33,58,Two-Year,158.34,9183.72,No
1781,Male,48,54,Two-Year,108.45,5856.3,No
1782,Male,75,9,One-Year,125.82,1132.38,No
1783,Female,20,18,Two-Year,174.29,3137.22,Yes
1784,Female,19,57,One-Year,141.57,8069.49,Yes
1785,Female,80,20,Month-to-Month,105.83,2116.6,Yes
1786,Female,36,35,Two-Year,136.48,4776.8,Yes
1787,Female,73,27,Month-to-Month,174.17,4702.59,No
1788,Male,79,39,Month-to-Month,32.95,1285.05,Yes
1789,Male,80,10,One-Year,131.64,1316.4,No
1790,Male,69,60,Two-Year,192.27,11536.2,Yes
1791,Male,75,5,One-Year,121.83,609.15,Yes
1792,Male,32,5,Two-Year,60.37,301.85,Yes
1793,Female,25,56,Two-Year,115.09,6445.04,Yes
1794,Male,26,31,One-Year,26.96,835.76,Yes
1795,Female,74,47,Month-to-Month,32.71,1537.37,Yes
1796,Female,61,50,One-Year,149.73,7486.5,Yes
1797,Female,73,53,Two-Year,84.29,4467.37,No
1798,Female,59,41,Two-Year,49.63,2034.83,No
1799,Male,39,38,One-Year,193.52,7353.76,No
1800,Male,19,33,Two-Year,125.49,4141.17,Yes
1801,Female,77,2,Two-Year,144.06,288.12,No
1802,Female,45,19,Two-Year,146.3,2779.7,No
1803,Male,74,19,One-Year,74.14,1408.66,Yes
1804,Female,24,18,One-Year,64.88,1167.84,Yes
1805,Male,27,49,Two-Year,52.0,2548.0,No
1806,Female,73,25,Two-Year,164.68,4117.0,No
1807,Male,37,22,Month-to-Month,172.52,3795.44,Yes
1808,Male,79,29,Month-to-Month,193.87,5622.23,No
1809,Female,24,13,One-Year,132.97,1728.61,Yes
1810,Female,32,49,One-Year,131.59,6447.91,No
1811,Male,49,50,One-Year,100.07,5003.5,Yes
1812,Female,23,12,Two-Year,191.3,2295.6,No
1813,Male,30,57,Two-Year,83.11,4737.27,Yes
1814,Male,26,60,Two-Year,162.29,9737.4,Yes
1815,Female,43,2,Two-Year,118.85,237.7,No
1816,Male,67,56,One-Year,47.12,2638.72,No
1817,Female,48,22,One-Year,36.79,809.38,Yes
1818,Female,27,3,One-Year,101.13,303.39,Yes
1819,Male,53,10,Month-to-Month,90.12,901.2,Yes
1820,Male,67,47,Month-to-Month,131.11,6162.17,No
1821,Male,77,37,Two-Year,127.75,4726.75,Yes
1822,Male,33,12,Month-to-Month,114.42,1373.04,Yes
1823,Female,73,32,Month-to-Month,166.39,5324.48,Yes
1824,Female,72,48,Month-to-Month,183.68,8816.64,Yes
1825,Female,69,51,Month-to-Month,83.32,4249.32,No
1826,Female,78,44,Month-to-Month,53.76,2365.44,Yes
1827,Female,56,52,One-Year,192.81,10026.12,Yes
1828,Female,41,54,One-Year,100.68,5436.72,Yes
1829,Female,57,1,One-Year,127.4,127.4,No
1830,Male,26,27,One-Year,136.32,3680.64,No
1831,Male,69,60,Two-Year,72.64,4358.4,Yes
1832,Female,78,34,One-Year,141.03,4795.02,No
1833,Male,60,25,Two-Year,168.36,4209.0,No
1834,Female,68,38,Month-to-Month,98.24,3733.12,Yes
1835,Female,45,25,Month-to-Month,148.38,3709.5,Yes
1836,Female,67,46,Two-Year,78.1,3592.6,No
1837,Male,74,26,One-Year,95.52,2483.52,No
1838,Male,25,3,One-Year,181.33,543.99,No
1839,Female,27,40,Month-to-Month,97.87,3914.8,Yes
1840,Male,36,51,Two-Year,46.58,2375.58,Yes
1841,Female,23,11,Month-to-Month,75.17,826.87,No
1842,Female,80,32,Two-Year,85.36,2731.52,No
1843,Male,53,34,One-Year,108.31,3682.54,No
1844,Female,48,47,Month-to-Month,174.85,8217.95,Yes
1845,Male,77,7,Month-to-Month,90.06,630.42,Yes
1846,Male,27,49,Month-to-Month,189.74,9297.26,No
1847,Male,25,36,Two-Year,198.65,7151.4,Yes
1848,Male,79,42,One-Year,49.85,2093.7,Yes
1849,Male,19,8,One-Year,150.99,1207.92,Yes
1850,Male,73,44,One-Year,167.47,7368.68,No
1851,Male,41,1,Two-Year,171.24,171.24,No
1852,Female,63,47,Two-Year,69.2,3252.4,No
1853,Male,50,38,One-Year,163.64,6218.32,No
1854,Male,29,13,Two-Year,173.45,2254.85,Yes
1855,Female,23,7,One-Year,34.33,240.31,Yes
1856,Female,31,46,One-Year,173.07,7961.22,Yes
1857,Male,33,4,Two-Year,168.36,673.44,Yes
1858,Female,37,5,One-Year,35.25,176.25,No
1859,Male,45,6,One-Year,160.1,960.6,Yes
1860,Male,39,29,One-Year,101.46,2942.34,Yes
1861,Female,23,23,One-Year,83.7,1925.1,No
1862,Male,42,59,One-Year,81.77,4824.43,No
1863,Male,72,23,One-Year,105.38,2423.74,No
1864,Male,43,8,One-Year,67.33,538.64,Yes
1865,Female,63,36,One-Year,45.55,1639.8,Yes
1866,Male,61,44,Two-Year,29.73,1308.12,No
1867,Male,38,42,Two-Year,68.68,2884.56,Yes
1868,Male,72,49,One-Year,87.78,4301.22,Yes
1869,Male,27,21,Two-Year,177.22,3721.62,No
1870,Male,51,35,Two-Year,194.93,6822.55,No
1871,Male,22,58,One-Year,180.47,10467.26,Yes
1872,Male,29,21,One-Year,39.36,826.56,Yes
1873,Male,38,2,Month-to-Month,116.2,232.4,Yes
1874,Female,71,45,Month-to-Month,95.6,4302.0,Yes
1875,Male,70,41,Month-to-Month,158.69,6506.29,No
1876,Male,48,16,Two-Year,30.77,492.32,Yes
1877,Male,76,23,Two-Year,180.6,4153.8,Yes
1878,Male,44,4,Month-to-Month,78.11,312.44,No
1879,Female,18,40,One-Year,158.57,6342.8,Yes
1880,Male,50,18,Month-to-Month,112.93,2032.74,Yes
1881,Female,77,13,Month-to-Month,90.9,1181.7,Yes
1882,Male,50,47,One-Year,92.34,4339.98,Yes
1883,Female,45,17,Month-to-Month,31.84,541.28,Yes
1884,Male,38,28,Month-to-Month,171.3,4796.4,No
1885,Male,31,36,One-Year,134.08,4826.88,No
1886,Male,28,38,Two-Year,57.82,2197.16,Yes
1887,Male,62,53,Two-Year,69.14,3664.42,No
1888,Female,43,26,One-Year,37.04,963.04,No
1889,Male,79,40,Two-Year,28.28,1131.2,Yes
1890,Male,43,17,Month-to-Month,189.89,3228.13,No
1891,Male,54,5,Month-to-Month,184.88,924.4,Yes
1892,Female,66,45,One-Year,62.3,2803.5,Yes
1893,Male,80,59,One-Year,61.13,3606.67,No
1894,Male,25,31,One-Year,152.52,4728.12,Yes
1895,Female,30,48,Two-Year,87.42,4196.16,No
1896,Female,72,22,Two-Year,89.45,1967.9,No
1897,Male,73,45,One-Year,69.99,3149.55,Yes
1898,Female,60,25,Month-to-Month,92.4,2310.0,No
1899,Female,48,44,Two-Year,53.11,2336.84,No
1900,Male,38,38,Two-Year,65.24,2479.12,No
1901,Male,62,15,Month-to-Month,141.27,2119.05,Yes
1902,Male,45,55,One-Year,82.65,4545.75,No
1903,Male,25,18,Month-to-Month,22.98,413.64,No
1904,Male,25,51,One-Year,71.61,3652.11,No
1905,Female,74,35,One-Year,73.14,2559.9,No
1906,Female,67,20,One-Year,141.8,2836.0,No
1907,Female,72,52,One-Year,97.71,5080.92,No
1908,Male,52,44,Month-to-Month,172.24,7578.56,Yes
1909,Female,47,22,One-Year,67.53,1485.66,No
1910,Female,18,52,Two-Year,103.74,5394.48,No
1911,Male,73,11,One-Year,171.42,1885.62,No
1912,Male,72,15,One-Year,62.96,944.4,No
1913,Male,35,21,Month-to-Month,28.12,590.52,Yes
1914,Female,73,41,One-Year,167.0,6847.0,Yes
1915,Male,22,13,Month-to-Month,118.29,1537.77,No
1916,Male,18,42,Month-to-Month,159.51,6699.42,No
1917,Female,26,33,Two-Year,63.04,2080.32,No
1918,Female,50,56,Month-to-Month,22.65,1268.4,No
1919,Male,49,46,Two-Year,37.57,1728.22,Yes
1920,Female,42,28,Month-to-Month,57.08,1598.24,No
1921,Male,42,54,Month-to-Month,56.03,3025.62,No
1922,Female,69,59,Month-to-Month,40.5,2389.5,No
1923,Male,23,40,One-Year,108.08,4323.2,No
1924,Male,25,37,Month-to-Month,155.66,5759.42,No
1925,Male,62,30,Two-Year,191.6,5748.0,Yes
1926,Female,74,14,Two-Year,198.62,2780.68,Yes
1927,Male,51,34,One-Year,74.06,2518.04,Yes
1928,Male,75,17,Two-Year,176.32,2997.44,Yes
1929,Female,53,38,Two-Year,75.33,2862.54,No
1930,Male,45,11,Month-to-Month,46.98,516.78,Yes
1931,Male,32,54,One-Year,74.7,4033.8,No
1932,Female,70,55,Two-Year,44.89,2468.95,No
1933,Female,75,53,One-Year,167.05,8853.65,Yes
1934,Male,23,12,One-Year,90.87,1090.44,No
1935,Male,40,41,Two-Year,52.37,2147.17,Yes
1936,Male,29,28,Month-to-Month,143.16,4008.48,Yes
1937,Female,46,29,Two-Year,193.91,5623.39,No
1938,Male,63,48,One-Year,172.91,8299.68,Yes
1939,Female,36,32,Two-Year,197.44,6318.08,No
1940,Female,63,5,Month-to-Month,107.9,539.5,No
1941,Male,36,41,Month-to-Month,197.5,8097.5,Yes
1942,Male,79,46,One-Year,70.27,3232.42,Yes
1943,Female,68,34,Month-to-Month,111.47,3789.98,Yes
1944,Female,24,42,One-Year,130.45,5478.9,Yes
1945,Female,21,26,Two-Year,113.09,2940.34,Yes
1946,Female,65,36,Two-Year,43.58,1568.88,No
1947,Male,80,41,Month-to-Month,139.05,5701.05,No
1948,Male,61,25,Month-to-Month,152.54,3813.5,Yes
1949,Female,20,33,One-Year,135.11,4458.63,No
1950,Female,35,48,Month-to-Month,193.91,9307.68,Yes
1951,Male,56,25,One-Year,128.44,3211.0,No
1952,Male,38,22,Month-to-Month,111.96,2463.12,No
1953,Male,38,33,One-Year,48.04,1585.32,Yes
1954,Male,55,35,Two-Year,25.59,895.65,No
1955,Male,68,23,Two-Year,138.07,3175.61,Yes
1956,Male,55,28,One-Year,70.72,1980.16,Yes
1957,Male,51,54,One-Year,137.65,7433.1,No
1958,Female,51,18,One-Year,124.47,2240.46,Yes
1959,Male,63,38,Month-to-Month,158.43,6020.34,Yes
1960,Male,26,5,Two-Year,98.15,490.75,No
1961,Female,73,14,Month-to-Month,120.46,1686.44,Yes
1962,Female,42,45,One-Year,30.31,1363.95,Yes
1963,Female,35,39,Two-Year,83.96,3274.44,No
1964,Male,38,30,Two-Year,38.31,1149.3,Yes
1965,Male,20,46,One-Year,119.68,5505.28,No
1966,Male,52,60,One-Year,160.05,9603.0,Yes
1967,Male,45,49,Month-to-Month,71.2,3488.8,No
1968,Female,32,53,Month-to-Month,141.07,7476.71,No
1969,Female,27,15,Month-to-Month,125.19,1877.85,Yes
1970,Male,74,49,Month-to-Month,159.93,7836.57,No
1971,Female,41,53,Two-Year,167.76,8891.28,Yes
1972,Female,48,55,One-Year,62.8,3454.0,No
1973,Male,55,28,Month-to-Month,156.92,4393.76,No
1974,Female,78,7,Two-Year,59.45,416.15,No
1975,Male,39,37,One-Year,117.09,4332.33,Yes
1976,Female,50,15,Month-to-Month,198.57,2978.55,Yes
1977,Female,74,6,Two-Year,183.86,1103.16,No
1978,Male,18,28,One-Year,144.31,4040.68,Yes
1979,Female,69,55,One-Year,167.3,9201.5,Yes
1980,Male,75,56,Month-to-Month,61.07,3419.92,No
1981,Male,45,54,One-Year,143.11,7727.94,Yes
1982,Female,23,23,Month-to-Month,99.54,2289.42,Yes
1983,Female,50,23,Two-Year,25.4,584.2,Yes
1984,Female,28,59,Two-Year,196.44,11589.96,Yes
1985,Male,55,18,One-Year,159.74,2875.32,No
1986,Female,35,27,Two-Year,89.13,2406.51,Yes
1987,Female,35,45,Month-to-Month,173.4,7803.0,No
1988,Male,68,16,One-Year,24.07,385.12,Yes
1989,Male,53,42,Month-to-Month,26.02,1092.84,No
1990,Male,48,44,Month-to-Month,131.24,5774.56,Yes
1991,Female,25,16,One-Year,153.78,2460.48,No
1992,Male,53,49,Two-Year,156.63,7674.87,No
1993,Female,31,29,Month-to-Month,190.67,5529.43,Yes
1994,Female,31,6,Month-to-Month,124.5,747.0,No
1995,Male,51,34,One-Year,81.1,2757.4,Yes
1996,Female,71,7,Month-to-Month,182.32,1276.24,No
1997,Male,72,27,One-Year,189.18,5107.86,Yes
1998,Female,71,23,Month-to-Month,118.8,2732.4,No
1999,Male,48,20,Month-to-Month,116.28,2325.6,Yes
